{
  "co_essentiality": {
    "auc_point": 0.6858974358974359,
    "bootstrap_n": 10000,
    "boot_median": 0.6923076923076923,
    "boot_mean": 0.6853871794871795,
    "boot_ci_lo": 0.4613782051282053,
    "boot_ci_hi": 0.8782051282051282,
    "boot_frac_above_05": 0.9439,
    "boot_std": 0.10770323201612504,
    "loo_cv_mean": 0.6858974358974359,
    "loo_cv_std": 0.023039403760878527,
    "loo_cv_min": 0.6573426573426573,
    "loo_cv_max": 0.7342657342657343,
    "loo_cv_n": 25,
    "perm_p": 0.0584,
    "perm_n": 10000,
    "s_median": 0.028887144052958606,
    "f_median": -0.05278763751492389,
    "n_success": 13,
    "n_failure": 12
  },
  "pathway_coherence": {
    "auc_point": 0.66,
    "bootstrap_n": 10000,
    "boot_median": 0.6622222222222223,
    "boot_mean": 0.6587815555555555,
    "boot_ci_lo": 0.49777777777777776,
    "boot_ci_hi": 0.8266666666666667,
    "boot_frac_above_05": 0.9621,
    "boot_std": 0.08393038464828978,
    "loo_cv_mean": 0.6599999999999999,
    "loo_cv_std": 0.016385381461033566,
    "loo_cv_min": 0.6428571428571429,
    "loo_cv_max": 0.6904761904761905,
    "loo_cv_n": 30,
    "perm_p": 0.0625,
    "perm_n": 10000,
    "s_median": 0.3333333333333333,
    "f_median": 0.0,
    "n_success": 15,
    "n_failure": 15
  },
  "escape_route_ratio": {
    "auc_point": 0.31555555555555553,
    "bootstrap_n": 10000,
    "boot_median": 0.3111111111111111,
    "boot_mean": 0.3131524444444444,
    "boot_ci_lo": 0.1288888888888889,
    "boot_ci_hi": 0.52,
    "boot_frac_above_05": 0.0362,
    "boot_std": 0.09973599159757032,
    "loo_cv_mean": 0.31555555555555564,
    "loo_cv_std": 0.019193226528398517,
    "loo_cv_min": 0.2761904761904762,
    "loo_cv_max": 0.3380952380952381,
    "loo_cv_n": 30,
    "perm_p": 0.9585,
    "perm_n": 10000,
    "s_median": 0.8387096774193549,
    "f_median": 0.7228915662650602,
    "n_success": 15,
    "n_failure": 15
  },
  "alin_composite": {
    "auc_point": 0.6844444444444444,
    "bootstrap_n": 10000,
    "boot_median": 0.6888888888888889,
    "boot_mean": 0.6831555555555555,
    "boot_ci_lo": 0.4711111111111111,
    "boot_ci_hi": 0.8755555555555555,
    "boot_frac_above_05": 0.9585,
    "boot_std": 0.10279264036680956,
    "loo_cv_mean": 0.6844444444444443,
    "loo_cv_std": 0.019784681207470338,
    "loo_cv_min": 0.6619047619047619,
    "loo_cv_max": 0.7285714285714285,
    "loo_cv_n": 30,
    "perm_p": 0.0423,
    "perm_n": 10000,
    "s_median": 0.2556767239881844,
    "f_median": 0.1266337368698846,
    "n_success": 15,
    "n_failure": 15
  },
  "mean_essentiality": {
    "auc_point": 0.5155555555555555,
    "bootstrap_n": 10000,
    "boot_median": 0.5155555555555555,
    "boot_mean": 0.5161208888888889,
    "boot_ci_lo": 0.3022222222222222,
    "boot_ci_hi": 0.7288888888888889,
    "boot_frac_above_05": 0.5571,
    "boot_std": 0.10822077299143727,
    "loo_cv_mean": 0.5155555555555555,
    "loo_cv_std": 0.020826945354738696,
    "loo_cv_min": 0.48095238095238096,
    "loo_cv_max": 0.5523809523809524,
    "loo_cv_n": 30,
    "perm_p": 0.4377,
    "perm_n": 10000,
    "s_median": -0.34963992869820937,
    "f_median": -0.39334438188138793,
    "n_success": 15,
    "n_failure": 15
  },
  "frac_essential": {
    "auc_point": 0.4533333333333333,
    "bootstrap_n": 10000,
    "boot_median": 0.4533333333333333,
    "boot_mean": 0.4548111111111111,
    "boot_ci_lo": 0.24444444444444444,
    "boot_ci_hi": 0.6622222222222223,
    "boot_frac_above_05": 0.3409,
    "boot_std": 0.10753253598932881,
    "loo_cv_mean": 0.45333333333333337,
    "loo_cv_std": 0.02080758045482405,
    "loo_cv_min": 0.4142857142857143,
    "loo_cv_max": 0.48095238095238096,
    "loo_cv_n": 30,
    "perm_p": 0.6671,
    "perm_n": 10000,
    "s_median": 0.25925925925925924,
    "f_median": 0.3333333333333333,
    "n_success": 15,
    "n_failure": 15
  }
}